OBJECTID,MFS_CODE,MFS_ANBIETER,ZELLTECH_2G,ZELLTECH_3G,ZELLTECH_4G,ZELLTECH_5G,ZELLTYP,ADBTBETRIEB,SENDELEISTUNG
"1",BRGL-IMW-10352,"2","1","0","0","0","99","0",
"2",LUSU,"4","0","1","0","0","99","0",
"3",LUAN,"4","0","1","1","0","99","0",
"4",EBSC,"4","0","1","1","1","99","1",
"5",LU273-1,"3","0","0","1","1","99","0",
"6",LULZ,"4","0","1","0","0","99","0",
"7",PEPN,"4","0","1","1","0","99","0",
"8",LU307-1,"3","1","1","1","0","99","0",
"9",WHHS,"4","0","1","1","0","99","0",
"10",WST-SCHA-07818,"2","1","0","0","0","99","0",
"11",EMII,"4","0","1","0","0","99","0",
"12",MAUS,"4","0","1","1","1","99","0",
"13",SEIS,"4","0","1","1","0","99","0",
"14",LU_0017D,"1","0","1","1","0","2","0",
"15",WEGS,"4","0","1","1","1","99","0",
"16",WIMI,"4","0","1","0","0","99","0",
"17",HOTE,"4","0","1","1","1","99","0",
"18",SBS1,"4","0","1","0","0","99","0",
"19","1211200206","3","0","1","0","0","1","0",
"20",HIMI,"4","0","1","0","0","99","0",
"21",EWAB,"4","0","1","1","1","99","0",
"22",AG271-1,"3","0","0","1","1","99","0",
"23",LU066-3,"3","0","1","1","0","99","0",
"24",KRHO,"4","0","1","0","0","99","0",
"25",LUKZ,"4","0","1","1","0","99","0",
"26",RPLH,"4","0","1","0","0","99","0",
"27",LU_0615A,"1","0","1","1","1","2","0",
"28",LUHK,"4","0","0","1","1","99","0",
"29",LU374-1,"3","0","1","1","1","99","0",
"30",LU625-2,"3","1","1","1","1","99","0",
"31",SEM-RBG-08211,"2","1","0","0","0","99","0",
"32",KRFK,"4","0","1","0","0","99","0",
"33",BWHO,"4","0","1","1","0","99","0",
"34",LU_7558A,"1","0","1","1","0","4","0",
"35",PEPA,"4","0","1","1","0","99","0",
"36",WCHD,"4","0","1","1","0","99","0",
"37",BAMK,"4","0","1","1","0","99","0",
"38",SURZ,"4","0","1","1","1","99","0",
"39",LUMW,"4","0","1","0","0","99","0",
"40",ESCH-SCHH-05630,"2","1","0","0","0","99","0",
"41",LU_0450A,"1","0","1","1","1","2","0",
"42",ENVS,"4","0","1","1","0","99","0",
"43",LU_0476A,"1","0","1","1","1","2","0",
"44",LU018-5,"3","0","1","1","1","99","0",
"45",WST-SCHA-07640,"2","1","0","0","0","99","0",
"46",KBES,"4","0","1","1","0","99","0",
"47",LU_3021B,"1","0","1","1","1","2","0",
"48",HLPB,"4","0","1","1","0","99","0",
"49",L03F,"4","0","0","1","0","99","0",
"50",ROGI,"4","0","1","1","1","99","0",
"51",EMRA,"4","0","1","1","1","99","0",
"52",EMKA,"4","0","1","1","1","99","0",
"53",LU_3018B,"1","0","1","1","1","2","0",
"54",LU505-2,"3","1","1","1","1","99","0",
"55",KRPM,"4","0","1","1","0","99","0",
"56",KLPH,"4","0","1","1","0","99","0",
"57",ETBM,"4","0","1","0","0","99","0",
"58",LU_0515A,"1","0","1","1","1","2","0",
"59",LU033-1,"3","1","1","1","1","99","1",
"60",ROLI,"4","0","1","1","0","99","0",
"61",MGGG,"4","0","0","1","1","99","0",
"62","352639052925038","3","0","1","0","0","1","0",
"63",SAGH,"4","0","1","1","1","99","0",
"64",SMMI,"4","0","1","1","0","99","0",
"65",AEIN,"4","0","1","1","1","99","0",
"66",MEGG,"4","0","1","1","1","99","0",
"67",LKPS,"4","0","1","1","0","99","0",
"68",PECO,"4","0","1","0","0","99","0",
"69",FISB,"4","0","1","1","1","99","0",
"70",OKLM,"4","0","1","1","0","99","0",
"71",HNAP,"4","0","1","1","1","99","0",
"72",WIGG,"4","0","1","1","1","99","1",
"73",HMGP,"4","0","1","1","0","99","0",
"74",LUZH,"4","0","1","1","0","99","0",
"75",WHHN,"4","0","1","1","0","99","0",
"76","352639054209886","3","0","1","0","0","1","0",
"77",LITT,"4","0","1","1","1","99","1",
"78",LKPK,"4","0","1","1","0","99","0",
"79",WESH,"4","0","1","1","1","99","1",
"80","1203500462","3","0","1","0","0","1","0",
"81",LU_2036B,"1","0","1","1","0","2","0",
"82",LU_0448B,"1","0","1","1","1","2","0",
"83",LUEF,"4","0","1","1","0","99","0",
"84",SUP7,"4","0","1","1","0","99","0",
"85",RPT1,"4","0","1","0","0","99","0",
"86",ENT-DOPP-06947,"2","1","0","0","0","99","0",
"87",LEWR,"4","0","1","1","0","99","0",
"88",LU_0302B,"1","0","1","1","0","2","0",
"89",LSMW,"4","0","1","1","0","99","0",
"90",LU087-2,"3","0","1","1","0","99","0",
"91",LKKI,"4","0","1","1","0","99","0",
"92",LU_7543A,"1","0","1","1","0","4","0",
"93",MEGE,"4","0","1","0","0","99","0",
"94",LU_0514A,"1","0","1","1","1","2","0",
"95",STER-SS-06873,"2","1","0","0","0","99","0",
"96",GETT,"4","0","1","1","1","99","0",
"97",UFHU,"4","0","1","1","1","99","0",
"98",LUBZ,"4","0","1","1","0","99","0",
"99","1203500057","3","0","1","0","0","1","0",
"100",MABE,"4","0","1","1","1","99","0",
"101",MMIO,"4","0","1","1","0","99","0",
"102",EFZH,"4","0","1","1","0","99","0",
"103",RBG-RBGD-08691,"2","1","0","0","0","99","0",
"104",DOPP-WH-07379,"2","1","0","0","0","99","0",
"105",LHOM,"4","0","1","1","0","99","0",
"106",HEGN,"4","0","1","1","0","99","0",
"107",LU954-1,"3","0","1","1","0","99","0",
"108",MEAL,"4","0","1","0","0","99","0",
"109",BNAU,"4","0","1","1","1","99","0",
"110",LU_0656F,"1","0","1","1","1","2","0",
"111",LU046-5,"3","0","1","1","1","99","0",
"112","352639057451535","3","0","1","0","0","1","0",
"113","352639052860979","3","0","1","0","0","1","0",
"114",LU017-1,"3","0","0","1","0","99","0",
"115",DEMM,"4","0","1","1","0","99","0",
"116",LLKW,"4","0","1","1","1","99","0",
"117",HESG,"4","0","1","1","1","99","0",
"118",NOFO,"4","0","1","1","0","99","0",
"119",LUBC,"4","0","0","0","1","99","0",
"120",SUAM,"4","0","1","1","0","99","0",
"121",LPLG,"4","0","1","1","0","99","0",
"122",LU658-2,"3","1","1","1","1","99","1",
"123",WEZO,"4","0","1","1","1","99","1",
"124",LU_0018A,"1","0","1","1","0","2","0",
"125",LU371-1,"3","0","1","1","1","99","0",
"126",LU010-6,"3","1","1","1","0","99","0",
"127",EMVI,"4","0","1","1","1","99","0",
"128",LTHO,"4","0","1","0","0","99","0",
"129",LU_0670A,"1","0","1","1","0","2","0",
"130",EFBW,"4","0","1","1","0","99","0",
"131",MATH,"4","0","1","1","1","99","0",
"132",NEGP,"4","0","1","1","0","99","0",
"133",LU605-2,"3","1","1","1","1","99","0",
"134",LU_0506B,"1","0","1","1","0","2","0",
"135",LHP3,"4","0","1","1","0","99","0",
"136",LZ-09510,"2","1","0","0","0","99","0",
"137",LU_0655A,"1","0","1","1","0","2","0",
"138",SUAG,"4","0","1","1","0","99","0",
"139",EMFM,"4","0","1","1","0","99","0",
"140",EBTB,"4","0","1","0","0","99","0",
"141",LPBS,"4","0","1","1","0","99","0",
"142",EBIK,"4","0","1","1","1","99","0",
"143",L51G,"4","0","1","1","1","99","0",
"144",KLP1,"4","0","1","1","0","99","0",
"145",LZVH-MEGZ-00646,"2","1","0","0","0","99","0",
"146",LU_7514A,"1","0","1","1","0","4","0",
"147",LZVH-MEGZ-00835,"2","1","0","0","0","99","0",
"148",LU640-2,"3","1","1","1","1","99","0",
"149",L09G,"4","0","0","1","0","99","0",
"150",EMIE,"4","0","1","0","0","99","0",
"151",HOHF,"4","0","1","1","0","99","0",
"152",NGAP,"4","0","1","1","0","99","0",
"153",WHKP,"4","0","1","1","1","99","1",
"154",ADLW,"4","0","1","1","1","99","1",
"155",LU090-1,"3","1","1","1","0","99","0",
"156",LU_4109A,"1","0","1","1","0","2","0",
"157",LU238-1,"3","1","1","0","0","99","0",
"158",LLMG,"4","0","1","1","0","99","0",
"159",LU_3027B,"1","0","1","1","0","2","0",
"160",LVBC,"4","0","0","1","0","99","0",
"161",LU650-1,"3","1","1","1","1","99","1",
"162",REPO,"4","0","1","1","0","99","0",
"163",LU073-1,"3","1","1","1","1","99","0",
"164",LU301-4,"3","1","1","1","1","99","0",
"165",EBI-ROTS-06040,"2","1","0","0","0","99","0",
"166",KRPI,"4","0","1","1","1","99","0",
"167","1211200212","3","0","1","0","0","1","0",
"168",HDMB,"4","0","1","1","0","99","0",
"169",EMHA,"4","0","1","1","1","99","0",
"170",HAS-ENT-06624,"2","1","0","0","0","99","0",
"171",OBIS,"4","0","1","1","0","99","0",
"172",LZTM,"4","0","1","1","1","99","0",
"173","352639053060041","3","0","1","0","0","1","0",
"174",ROTS-FMUE-06196,"2","1","0","0","0","99","0",
"175",LZRM,"4","0","1","1","0","99","0",
"176",LU990-1,"3","0","1","1","0","99","0",
"177",SEBM,"4","0","1","0","0","99","0",
"178",WILI,"4","0","1","1","1","99","0",
"179",WSAU,"4","0","1","1","1","99","0",
"180",L51F,"4","0","0","1","0","99","0",
"181",WOBT,"4","0","1","1","0","99","0",
"182",LU_1809A,"1","0","1","1","1","2","0",
"183",LU124-1,"3","0","1","1","1","99","0",
"184",ROTS-FMUE-06313,"2","1","0","0","0","99","0",
"185",LU_0661G,"1","0","1","1","1","2","0",
"186",HOZN,"4","0","0","1","0","99","0",
"187",PNAU,"4","0","1","1","1","99","0",
"188",LSCN,"4","0","1","1","0","99","0",
"189","352639057299652","3","0","1","0","0","1","0",
"190",LUBG,"4","0","1","1","0","99","0",
"191",LU_0035A,"1","0","1","1","1","2","0",
"192",EBR-FMUE-09025,"2","1","0","0","0","99","0",
"193",LUBL,"4","0","1","1","1","99","0",
"194",SILK,"4","0","1","1","0","99","0",
"195",LRTH,"4","0","1","1","1","99","0",
"196",LU011-2,"3","1","1","1","1","99","0",
"197",LU044-8,"3","0","1","1","1","99","0",
"198",LVBD,"4","0","0","1","0","99","0",
"199",DAGL,"4","0","1","1","1","99","0",
"200",LU262-1,"3","0","1","1","0","99","0",
"201",LU_0654E,"1","0","1","1","0","2","0",
"202",LUZW,"4","0","1","1","1","99","1",
"203",REP1,"4","0","1","0","0","99","0",
"204",LU385-1,"3","1","1","1","1","99","0",
"205",LKHG,"4","0","1","1","0","99","0",
"206",LU217-2,"3","0","1","1","0","99","0",
"207",LU_0664A,"1","0","1","1","0","2","0",
"208",RAIN,"4","0","1","1","1","99","1",
"209",EBMI,"4","0","1","0","0","99","0",
"210",LU836-1,"3","1","1","1","0","99","0",
"211",LU609-1,"3","1","1","1","1","99","0",
"212",LU_2252A,"1","0","1","1","1","2","0",
"213",SALW,"4","0","1","0","0","99","0",
"214",VKMS,"4","0","1","1","0","99","0",
"215","352639057480401","3","0","1","0","0","1","0",
"216",BRJS,"4","0","1","0","0","99","0",
"217",LU203-1,"3","0","1","0","0","99","0",
"218",GAPH,"4","0","1","1","0","99","0",
"219","1211200110","3","0","1","0","0","1","0",
"220",L79G,"4","0","0","1","0","99","0",
"221",KMHL,"4","0","1","1","0","99","0",
"222",LU914-1,"3","1","1","1","0","99","0",
"223",SKHU,"4","0","1","0","0","99","0",
"224",SUP8,"4","0","1","1","0","99","0",
"225",LU287-1,"3","0","1","1","0","99","0",
"226",LUWE,"4","0","1","1","1","99","0",
"227",LU_7670A,"1","0","1","1","0","4","0",
"228",LU_0443A,"1","0","1","1","0","2","0",
"229",LU233-1,"3","0","0","1","1","99","0",
"230",NEB-WAU-05961,"2","1","0","0","0","99","0",
"231",LU603-4,"3","1","1","1","1","99","1",
"232",LIBA,"4","0","1","1","0","99","0",
"233",EMSS,"4","0","0","1","1","99","0",
"234",HOHM,"4","0","1","1","1","99","0",
"235",DOPP-WH-07363,"2","1","0","0","0","99","0",
"236",LU309-1,"3","1","1","1","1","99","0",
"237",LU_1509C,"1","0","1","1","0","2","0",
"238",ZORW,"4","0","1","0","0","99","0",
"239",LUWU,"4","0","1","1","1","99","0",
"240",HEIM-LZEF-09360,"2","1","0","0","0","99","0",
"241","352639053013834","3","0","1","0","0","1","0",
"242",TNAP,"4","0","1","1","1","99","0",
"243",LU_0512A,"1","0","1","1","1","2","0",
"244",BRAQ,"4","0","1","1","0","99","0",
"245",LU410-8,"3","1","1","1","1","99","1",
"246",LU_0630A,"1","0","1","1","0","2","0",
"247",LU_0683A,"1","1","0","1","0","2","0",
"248",LU_0622C,"1","0","1","1","0","2","0",
"249",MAIH,"4","0","1","1","1","99","0",
"250",LU215-1,"3","0","1","0","0","99","0",
"251",KRKU,"4","0","1","1","1","99","0",
"252",LUGS,"4","0","1","1","0","99","0",
"253",LU024-6,"3","0","1","1","1","99","0",
"254",L50F,"4","0","0","1","0","99","0",
"255",L78G,"4","0","0","1","0","99","0",
"256",LISC,"4","0","1","1","1","99","1",
"257",ENES,"4","0","1","1","0","99","0",
"258",LKRO,"4","0","1","1","0","99","0",
"259",LU_0602A,"1","0","1","1","0","2","0",
"260",LU016-1,"3","0","0","1","0","99","0",
"261","352639057290263","3","0","1","0","0","1","0",
"262",LU241-1,"3","1","1","0","0","99","0",
"263","352639057482191","3","0","1","0","0","1","0",
"264","352639051778883","3","0","1","0","0","1","0",
"265",LUSN,"4","0","1","1","0","99","0",
"266",LUZO,"4","0","1","1","1","99","1",
"267","352639057388620","3","0","1","0","0","1","0",
"268",LU_0508B,"1","0","1","1","1","2","0",
"269",REID-DAG-05570,"2","1","0","0","0","99","0",
"270",LSGE,"4","0","1","1","0","99","0",
"271",HOSO,"4","0","1","1","0","99","0",
"272",WIZA,"4","0","1","0","0","99","0",
"273",PIFR,"4","0","1","1","0","99","0",
"274",LU_7560A,"1","1","0","1","0","4","0",
"275",EMNO,"4","0","1","1","0","99","0",
"276",LU_2257A,"1","0","1","1","0","2","0",
"277",HODR,"4","0","1","1","1","99","0",
"278",WAU-STER-06662,"2","1","0","0","0","99","0",
"279",LU_0461A,"1","0","1","1","0","2","0",
"280",ENEM,"4","0","1","1","1","99","0",
"281",HORM,"4","0","1","1","1","99","1",
"282",LU611-1,"3","1","1","1","1","99","0",
"283",LUHI,"4","0","1","1","1","99","0",
"284",ENT-DOPP-06761,"2","1","0","0","0","99","0",
"285",VDM1,"4","0","1","1","0","99","0",
"286",ZRWU,"4","0","1","0","0","99","0",
"287",RESD,"4","0","1","1","1","99","0",
"288",LU027-1,"3","0","1","1","1","99","0",
"289",EITL,"4","0","1","1","0","99","0",
"290",LVBE,"4","0","0","1","0","99","0",
"291",LU362-2,"3","0","0","1","0","99","0",
"292",EKSD,"4","0","1","1","0","99","0",
"293","352639057483736","3","0","1","0","0","1","0",
"294",LUSE,"4","0","1","1","0","99","0",
"295",ALGT,"4","0","1","1","0","99","0",
"296",L61F,"4","0","0","1","0","99","0",
"297",VIRT,"4","0","1","1","0","99","0",
"298",FMUE-GTS-09273,"2","1","0","0","0","99","0",
"299",LU_2437A,"1","0","1","1","0","2","0",
"300",LU_7550A,"1","1","0","1","0","4","0",
"301",LU656-1,"3","1","1","1","0","99","0",
"302",LU_7565A,"1","0","1","1","0","4","0",
"303",LU630-2,"3","1","1","1","0","99","0",
"304",LU_0008A,"1","0","1","1","1","2","0",
"305",LU_3015D,"1","0","1","1","0","2","0",
"306",SUPK,"4","0","1","1","0","99","0",
"307",LU_7510A,"1","0","1","1","0","4","0",
"308","1203500217","3","0","1","0","0","1","0",
"309",KUHA,"4","0","1","1","1","99","1",
"310",LUHM,"4","0","1","0","0","99","0",
"311",FIWA,"4","0","1","1","1","99","0",
"312",BE330-3,"3","1","1","1","0","99","0",
"313",LU259-1,"3","0","0","1","0","99","0",
"314",VPPH,"4","0","1","1","0","99","0",
"315",LU223-1,"3","0","1","0","0","99","0",
"316",KUFA,"4","0","1","1","1","99","1",
"317",SUHS,"4","0","1","1","0","99","0",
"318","352639054205082","3","0","1","0","0","1","0",
"319",LISG,"4","0","1","0","0","99","0",
"320","1211200106","3","0","1","0","0","1","0",
"321",BE428-1,"3","0","0","1","1","99","0",
"322",LUKA,"4","0","1","1","1","99","0",
"323",LUKB,"4","0","1","1","0","99","0",
"324",LUWI,"4","0","1","1","1","99","1",
"325",ENT-DOPP-06963,"2","1","0","0","0","99","0",
"326",MALS,"4","0","1","1","1","99","0",
"327",LUWG,"4","0","1","1","0","99","0",
"328",NELG,"4","0","1","1","1","99","0",
"329",DIMO,"4","0","1","0","0","99","0",
"330",LU652-3,"3","1","1","1","1","99","0",
"331",LU_2993B,"1","0","1","1","1","2","0",
"332",EMRT,"4","0","1","1","1","99","0",
"333",ROOT,"4","0","1","1","1","99","1",
"334",BEMU,"4","0","1","1","1","99","0",
"335",LU_8162A,"1","0","1","1","0","2","0",
"336",WKPI,"4","0","1","0","0","99","0",
"337",BKTA,"4","0","1","1","0","99","0",
"338",EBMO,"4","0","1","0","0","99","0",
"339",LU_9023F,"1","0","1","1","0","2","0",
"340",SCBG,"4","0","1","1","1","99","0",
"341",LPAE,"4","0","1","0","0","99","0",
"342",LU_7556A,"1","0","1","1","0","4","0",
"343",SEM-RBG-07903,"2","1","0","0","0","99","0",
"344",KRCH,"4","0","1","1","1","99","0",
"345",LU_2991B,"1","0","1","1","0","2","0",
"346",LU_4101A,"1","0","1","1","0","2","0",
"347",LU610-1,"3","1","1","1","1","99","0",
"348",DAGT,"4","0","1","1","0","99","0",
"349",HURU,"4","0","1","1","1","99","0",
"350",SEUS,"4","0","1","1","0","99","0",
"351",LIT-FMUE-09037,"2","1","0","0","0","99","0",
"352",RIAT,"4","0","1","1","1","99","0",
"353",KNTG,"4","0","1","1","0","99","0",
"354",LU_1333A,"1","0","1","1","1","2","0",
"355",ADOB,"4","0","1","1","1","99","0",
"356",SUP5,"4","0","1","1","0","99","0",
"357",ZITO,"4","0","1","1","0","99","0",
"358",LU_1034A,"1","0","1","1","1","2","0",
"359",LU_7528A,"1","0","1","1","0","4","0",
"360",INWI,"4","0","1","1","1","99","1",
"361","1221600345","3","0","1","0","0","1","0",
"362",RUWI,"4","0","1","1","1","99","0",
"363",SZ_3503A,"1","0","1","1","1","2","0",
"364",RMEC,"4","0","1","0","0","99","0",
"365",SBBM,"4","0","1","1","0","99","0",
"366","352639057479791","3","0","1","0","0","1","0",
"367",HOSC,"4","0","1","1","0","99","0",
"368",LUBY,"4","0","1","0","0","99","0",
"369",WCHK,"4","0","1","1","0","99","0",
"370",KRMP,"4","0","1","0","0","99","0",
"371",TSCH-WIG-04689,"2","1","0","0","0","99","0",
"372",LU402-3,"3","1","1","1","0","99","0",
"373",ESST,"4","0","1","1","1","99","0",
"374",GRWG,"4","0","1","1","1","99","0",
"375",LU021-6,"3","1","1","1","0","99","0",
"376",RSME,"4","0","1","1","0","99","0",
"377",KRIH,"4","0","1","1","1","99","1",
"378",BE419-3,"3","1","1","1","0","99","0",
"379",INHO,"4","0","1","1","1","99","0",
"380",BHBU,"4","0","1","1","0","99","0",
"381",MAL-LIT-08730,"2","1","0","0","0","99","0",
"382",LU703-1,"3","0","1","1","0","99","0",
"383",SCHA-MAL-08016,"2","1","0","0","0","99","0",
"384",LUBW,"4","0","1","1","1","99","0",
"385",LSHO,"4","0","1","1","1","99","0",
"386",RMIO,"4","0","1","0","0","99","0",
"387",LU222-1,"3","1","1","1","1","99","0",
"388",WIG-ESCH-04862,"2","1","0","0","0","99","0",
"389",LUZL,"4","0","1","1","1","99","1",
"390",RKHO,"4","0","1","1","0","99","0",
"391",LBD-BURN-05527,"2","1","0","0","0","99","0",
"392",SESM,"4","0","1","0","0","99","0",
"393",WECA,"4","0","1","0","0","99","0",
"394",LU_0682B,"1","0","1","1","0","2","0",
"395",EBMS,"4","0","1","1","0","99","0",
"396",LU_0003A,"1","0","1","1","1","2","0",
"397",LU031-3,"3","1","1","1","1","99","0",
"398",GSAG-EBR-08979,"2","1","0","0","0","99","0",
"399",LU_0050A,"1","0","1","1","1","2","0",
"400",LU_0019A,"1","0","1","1","1","2","0",
"401",SS-OBK-06915,"2","1","0","0","0","99","0",
"402","1211300035","3","0","1","0","0","1","0",
"403",LU008-1,"3","1","1","1","1","99","0",
"404",LHSW,"4","0","1","1","0","99","0",
"405",LU_9013A,"1","0","1","1","0","2","0",
"406",GSAG-EBR-08980,"2","1","0","0","0","99","0",
"407",EMMH,"4","0","1","1","1","99","0",
"408",RAFI,"4","0","1","0","0","99","0",
"409",SUEZ,"4","0","1","1","0","99","0",
"410",LU_2260B,"1","0","1","1","0","2","0",
"411",LU020-2,"3","0","0","1","0","99","0",
"412",BTUN,"4","0","1","1","1","99","0",
"413",LUTH,"4","0","1","1","1","99","0",
"414",ENT-DOPP-06868,"2","1","0","0","0","99","0",
"415",LSWH,"4","0","1","1","0","99","0",
"416",WAWL,"4","0","1","1","1","99","1",
"417","352639054234090","3","0","1","0","0","1","0",
"418",LU372-2,"3","0","1","1","1","99","0",
"419",LU_0673A,"1","0","1","1","0","2","0",
"420",WOMI,"4","0","1","1","0","99","0",
"421",AG557-1,"3","0","1","1","1","99","1",
"422",LVBB,"4","0","0","1","0","99","0",
"423",LU034-1,"3","0","1","1","1","99","0",
"424",LU612-7,"3","1","1","1","0","99","0",
"425",LUHC,"4","0","1","1","0","99","0",
"426",LUSI,"4","0","1","1","1","99","0",
"427",HUEB-WAB-00423,"2","1","0","0","0","99","0",
"428",LUFD,"4","0","1","1","0","99","0",
"429",LURO,"4","0","1","1","0","99","0",
"430",LU_3006A,"1","0","1","1","0","2","0",
"431",LUBA,"4","0","1","1","0","99","0",
"432",SORN,"4","0","1","1","1","99","0",
"433",MEG-MERL-01259,"2","1","0","0","0","99","0",
"434",EBSA,"4","0","1","1","1","99","0",
"435",OBK-NO-07374,"2","1","0","0","0","99","0",
"436",DITM,"4","0","1","0","0","99","0",
"437",ESRD,"4","0","1","1","0","99","0",
"438",LVBA,"4","0","0","1","0","99","0",
"439",KEAG,"4","0","1","1","1","99","0",
"440",WIG-ESCH-04946,"2","1","0","0","0","99","0",
"441",LU655-1,"3","1","1","1","0","99","0",
"442",LUUS,"4","0","1","1","0","99","0",
"443",LU251-1,"3","1","1","0","0","99","0",
"444",LU_7533A,"1","0","1","1","0","3","0",
"445",SESU,"4","0","1","1","1","99","0",
"446",EBR-FMUE-09181,"2","1","0","0","0","99","0",
"447",BUTH,"4","0","1","1","1","99","0",
"448",DAJT,"4","0","1","1","0","99","0",
"449",LU368-2,"3","1","1","1","0","99","0",
"450",AELU,"4","0","1","1","1","99","0",
"451",NEDO,"4","0","1","1","1","99","0",
"452",LU503-1,"3","1","1","1","0","99","0",
"453",SCCF,"4","0","1","0","0","99","0",
"454",ALIS,"4","0","1","1","1","99","1",
"455",LU029-7,"3","0","1","1","1","99","0",
"456",LU_2263A,"1","0","1","1","1","2","0",
"457",WEHF,"4","0","1","1","1","99","0",
"458",LU378-4,"3","0","1","1","1","99","0",
"459",KRKI,"4","0","1","1","0","99","0",
"460",ENWI,"4","0","1","1","0","99","0",
"461",LU_2994B,"1","0","1","1","0","2","0",
"462",NERI,"4","0","1","1","1","99","0",
"463",LU711-1,"3","1","1","1","1","99","0",
"464",SOEZ,"4","0","1","1","0","99","0",
"465",SUAZ,"4","0","1","1","1","99","0",
"466",HMAN,"4","0","1","0","0","99","0",
"467",WCHH,"4","0","1","1","0","99","0",
"468",LU022-4,"3","0","1","1","1","99","0",
"469",LU234-1,"3","1","1","0","0","99","0",
"470",EBMF,"4","0","1","1","0","99","0",
"471","352639054204515","3","0","1","0","0","1","0",
"472",LU_8100A,"1","0","1","1","1","2","0",
"473",EITU,"4","0","1","1","1","99","0",
"474",DOPP-WH-07085,"2","1","0","0","0","99","0",
"475",ENT-DOPP-06940,"2","1","0","0","0","99","0",
"476","352639057376823","3","0","1","0","0","1","0",
"477",LU019-2,"3","1","1","1","1","99","0",
"478",GESH,"4","0","1","1","1","99","0",
"479",LHSI,"4","0","1","0","0","99","0",
"480",SUP4,"4","0","1","1","0","99","0",
"481",LU_7591A,"1","0","1","1","0","4","0",
"482",HERL,"4","0","1","1","1","99","0",
"483",WLMI,"4","0","1","1","0","99","0",
"484",LKP1,"4","0","1","1","0","99","0",
"485",KEMI,"4","0","1","1","0","99","0",
"486","352639057480344","3","0","1","0","0","1","0",
"487",LUEX,"4","0","1","1","0","99","0",
"488",LU_7545A,"1","0","1","1","0","4","0",
"489",LU_8120A,"1","0","1","1","0","2","0",
"490",SUSL,"4","0","1","0","0","99","0",
"491",NW_0612A,"1","0","1","1","0","2","0",
"492",SBTM,"4","0","1","1","0","99","0",
"493","1211200048","3","0","1","0","0","1","0",
"494",LUZK,"4","0","1","1","1","99","0",
"495",EMMS,"4","0","1","1","1","99","1",
"496",LU311-1,"3","1","1","1","0","99","0",
"497",HELB,"4","0","1","1","1","99","0",
"498",LU213-1,"3","0","1","0","0","99","0",
"499",SLIE,"4","0","1","1","1","99","0",
"500",LU204-1,"3","0","1","0","0","99","0",
"501",LBUC,"4","0","1","1","0","99","0",
"502",LU_0653F,"1","0","1","1","0","2","0",
"503",LU_3024B,"1","0","1","1","0","2","0",
"504",LU622-2,"3","0","1","1","1","99","0",
"505",MABR,"4","0","1","1","1","99","0",
"506","357539017709920","3","0","1","0","0","1","0",
"507",BULU,"4","0","1","1","1","99","0",
"508",LU_2997A,"1","0","1","1","0","2","0",
"509","352639057291162","3","0","1","0","0","1","0",
"510",WHHP,"4","0","1","1","0","99","0",
"511",LUWR,"4","0","0","1","0","99","0",
"512",LU023-2,"3","0","1","1","1","99","0",
"513",LU379-1,"3","1","1","1","0","99","0",
"514",LU956-1,"3","0","1","1","0","99","0",
"515",KMSC,"4","0","1","1","0","99","0",
"516",LUAM,"4","0","1","1","1","99","0",
"517",LU401-1,"3","1","1","1","0","99","0",
"518",BURM,"4","0","1","1","0","99","0",
"519",RPTS,"4","0","1","1","0","99","0",
"520",ENMU,"4","0","1","1","1","99","0",
"521",EVBS,"4","0","1","0","0","99","0",
"522",KMSD,"4","0","1","0","0","99","0",
"523",LU012-1,"3","0","0","1","1","99","0",
"524",RERM,"4","0","1","1","0","99","0",
"525",IWBK,"4","0","1","1","0","99","0",
"526",LU925-1,"3","0","1","1","0","99","0",
"527",LU_7587A,"1","0","1","0","0","4","0",
"528",LKP2,"4","0","1","1","0","99","0",
"529",LUZM,"4","0","1","1","0","99","0",
"530",ETWI,"4","0","1","1","1","99","0",
"531",LU_8124A,"1","0","1","1","0","2","0",
"532","352639053019674","3","0","1","0","0","1","0",
"533",LU626-2,"3","1","1","1","1","99","0",
"534",LU654-3,"3","1","1","1","0","99","0",
"535",LU004-4,"3","1","1","1","1","99","0",
"536",LU_2213A,"1","0","1","1","1","2","0",
"537",LU074-1,"3","1","1","1","0","99","0",
"538",LSAQ,"4","0","1","1","0","99","0",
"539",DEKO,"4","0","1","1","0","99","0",
"540",LU205-1,"3","1","1","1","0","99","0",
"541",LZBG,"4","0","0","1","0","99","0",
"542",LHPA,"4","0","1","1","0","99","0",
"543",LU_7537A,"1","0","1","1","0","4","0",
"544",LU645-2,"3","1","1","1","1","99","0",
"545",LSTS,"4","0","1","1","0","99","0",
"546",DAJU,"4","0","1","1","0","99","0",
"547",LUUN,"4","0","1","1","0","99","0",
"548",RAMG,"4","0","1","0","0","99","0",
"549",EICH,"4","0","1","1","1","99","0",
"550",LU032-4,"3","1","1","1","0","99","0",
"551",LU261-1,"3","0","1","1","0","99","0",
"552",LU274-1,"3","0","0","1","1","99","0",
"553",EMSU,"4","0","1","1","1","99","1",
"554",LUHG,"4","0","0","1","0","99","0",
"555",SBSU,"4","0","1","1","0","99","0",
"556",LU_8130A,"1","0","1","1","0","2","0",
"557",LU614-4,"3","0","1","1","0","99","0",
"558",ENT-DOPP-06849,"2","1","0","0","0","99","0",
"559",LU502-1,"3","1","1","1","0","99","0",
"560",MENH,"4","0","1","1","0","99","0",
"561",AGTR,"4","0","1","1","0","99","0",
"562",LZTS,"4","0","1","1","0","99","0",
"563",SEKN,"4","0","1","1","1","99","0",
"564",LU621-2,"3","1","1","1","1","99","0",
"565",SUSV,"4","0","1","0","0","99","0",
"566",LU300-5,"3","1","1","1","1","99","0",
"567",EMRU,"4","0","1","1","1","99","0",
"568",EBSO,"4","0","1","1","1","99","1",
"569",STUB,"4","0","1","1","1","99","0",
"570",LU_8056A,"1","0","1","1","0","3","0",
"571",HODT,"4","0","1","1","1","99","1",
"572",LU376-3,"3","1","1","1","1","99","0",
"573",LU047-2,"3","1","1","1","1","99","0",
"574",LU_2655A,"1","0","1","1","1","2","0",
"575",SUP1,"4","0","1","1","0","99","0",
"576",BALW,"4","0","1","1","1","99","0",
"577",HAFI,"4","0","1","1","0","99","0",
"578",ENSO,"4","0","1","1","0","99","0",
"579",LUCR,"4","0","1","0","0","99","0",
"580",LU_8050A,"1","0","1","1","0","3","0",
"581","1211200208","3","0","1","0","0","1","0",
"582",LU125-1,"3","0","1","1","1","99","0",
"583",KLPF,"4","0","1","1","0","99","0",
"584",SUEP,"4","0","1","1","0","99","0",
"585","352639052984282","3","0","1","0","0","1","0",
"586",LUSC,"4","0","0","1","0","99","0",
"587",RIBL,"4","0","1","1","1","99","0",
"588",SSTL,"4","0","1","1","0","99","0",
"589",LU216-1,"3","0","1","1","0","99","0",
"590",ESKE,"4","0","1","1","0","99","0",
"591",LU661-1,"3","1","1","1","1","99","0",
"592",MEAU,"4","0","1","1","1","99","0",
"593",LFSB,"4","0","0","1","0","99","0",
"594",MLTE,"4","0","1","1","1","99","1",
"595",SSSC,"4","0","1","1","0","99","0",
"596",RISM,"4","0","1","1","0","99","0",
"597",LU635-7,"3","1","1","1","0","99","0",
"598","352639054207096","3","0","1","0","0","1","0",
"599",LU_0503A,"1","0","1","1","1","2","0",
"600","352639052928149","3","0","1","0","0","1","0",
"601",LU_9612C,"1","0","1","1","0","2","0",
"602",IWIL,"4","0","1","1","1","99","1",
"603",WAU-STER-06296,"2","1","0","0","0","99","0",
"604",LUDP,"4","0","1","1","0","99","0",
"605",ROWT,"4","0","1","1","1","99","0",
"606",LUVE,"4","0","1","1","1","99","0",
"607",SBT1,"4","0","1","0","0","99","0",
"608",LU084-1,"3","1","1","1","0","99","0",
"609",LU277-1,"3","0","1","1","0","99","0",
"610",LU308-2,"3","1","1","1","0","99","0",
"611",LU_1341A,"1","0","1","1","0","2","0",
"612","1211300042","3","0","1","0","0","1","0",
"613","1211300040","3","0","1","0","0","1","0",
"614",LZEI,"4","0","1","0","0","99","0",
"615",EBEN,"4","0","1","1","1","99","0",
"616",LUFT,"4","0","1","1","0","99","0",
"617",LUZF,"4","0","1","1","0","99","0",
"618","1203500354","3","0","1","0","0","1","0",
"619",HAS-ENT-06418,"2","1","0","0","0","99","0",
"620",LU040-1,"3","0","1","1","1","99","0",
"621",LU_3114A,"1","0","1","1","1","2","0",
"622",LU036-2,"3","0","1","1","1","99","0",
"623",LU616-1,"3","1","1","1","1","99","0",
"624",LUZG,"4","0","1","1","0","99","0",
"625",EMSH,"4","0","1","1","0","99","0",
"626",BGSK,"4","0","1","1","0","99","0",
"627",AGTK,"4","0","1","1","0","99","0",
"628",LU606-3,"3","1","1","1","1","99","0",
"629",LAZT,"4","0","1","0","0","99","0",
"630",LU276-1,"3","0","1","1","0","99","0",
"631",LU_9606C,"1","0","1","1","0","2","0",
"632",L69G,"4","0","0","1","1","99","0",
"633",HLMH,"4","0","1","1","0","99","0",
"634",LUGT,"4","0","1","1","0","99","0",
"635",LULC,"4","0","1","1","0","99","0",
"636",GOZN,"4","0","1","1","1","99","0",
"637",LUPG,"4","0","1","1","1","99","1",
"638",LU026-2,"3","0","1","1","1","99","0",
"639",LU_9005C,"1","0","1","1","0","2","0",
"640",LSTT,"4","0","1","1","0","99","0",
"641",EMAN,"4","0","1","1","0","99","0",
"642",LU_8560A,"1","0","1","0","0","2","0",
"643",LURU,"4","0","1","1","1","99","0",
"644",DANO,"4","0","1","1","0","99","0",
"645",RBGD-HUEB-08771,"2","1","0","0","0","99","0",
"646",SGAU,"4","0","1","1","1","99","0",
"647",LUHE,"4","0","1","1","0","99","0",
"648",SUIN,"4","0","1","1","1","99","0",
"649",LU281-1,"3","0","1","1","0","99","0",
"650","352639057304197","3","0","1","0","0","1","0",
"651",LU_7578A,"1","0","1","1","0","4","0",
"652",RMBN,"4","0","1","1","0","99","0",
"653",AG106-2,"3","0","1","1","1","99","0",
"654",LEWL,"4","0","1","1","0","99","0",
"655",LU_0011B,"1","0","1","1","0","2","0",
"656",LU_0658A,"1","0","1","1","1","2","0",
"657",LU221-1,"3","0","1","0","0","99","0",
"658",ROBU,"4","0","1","1","1","99","1",
"659",SORW,"4","0","1","1","1","99","0",
"660",LBUS,"4","0","1","1","0","99","0",
"661",LBIF,"4","0","1","1","0","99","0",
"662",LU218-1,"3","0","1","0","0","99","0",
"663",LU_8111A,"1","0","1","1","0","2","0",
"664",ECKW,"4","0","1","1","0","99","0",
"665",LUQH,"4","0","1","1","1","99","0",
"666",LU013-1,"3","0","0","1","0","99","0",
"667",SRBH,"4","0","1","1","1","99","0",
"668","1203500025","3","0","1","0","0","1","0",
"669",LU_4107A,"1","0","1","1","0","2","0",
"670",GTS-HEIM-09322,"2","1","0","0","0","99","0",
"671",INGR,"4","0","1","1","1","99","0",
"672",BRIT-REID-05225,"2","1","0","0","0","99","0",
"673",LU_3001D,"1","0","1","1","1","2","0",
"674",SCHA-MAL-08293,"2","1","0","0","0","99","0",
"675",EBI-ROTS-05858,"2","1","0","0","0","99","0",
"676",LU_0621B,"1","1","0","1","0","2","0",
"677",LU_0617D,"1","0","1","1","0","2","0",
"678","352639057372889","3","0","1","0","0","1","0",
"679",LU600-1,"3","1","1","1","1","99","0",
"680",VIDM,"4","0","1","1","0","99","0",
"681",LUSF,"4","0","1","1","0","99","0",
"682",BURO,"4","0","1","1","1","99","0",
"683",LU058-4,"3","0","1","1","1","99","0",
"684",LU620-1,"3","1","1","1","0","99","0",
"685",RBST,"4","0","1","1","1","99","0",
"686",SUAB,"4","0","1","1","1","99","0",
"687",OBKI,"4","0","1","1","1","99","0",
"688",LU657-4,"3","1","1","1","0","99","0",
"689",BPUK,"4","0","1","1","0","99","0",
"690",WHTH,"4","0","1","0","0","99","0",
"691",LU_3009A,"1","0","1","1","0","2","0",
"692","352639057486556","3","0","1","0","0","1","0",
"693",LU_9019A,"1","0","1","1","0","2","0",
"694",WHTG,"4","0","1","0","0","99","0",
"695",MKAP,"4","0","1","1","1","99","0",
"696",LMIW,"4","0","0","1","0","99","0",
"697","352639054210991","3","0","1","0","0","1","0",
"698",RMSF,"4","0","1","1","0","99","0",
"699",LU_2996B,"1","0","1","1","0","2","0",
"700",LU_3012B,"1","0","1","1","1","2","0",
"701",LUAS,"4","0","1","1","1","99","0",
"702",SPFH,"4","0","1","1","1","99","0",
"703",ZLBL,"4","0","1","0","0","99","0",
"704",ESBA,"4","0","1","1","1","99","1",
"705",BTUS,"4","0","1","1","1","99","0",
"706",LU059-1,"3","0","1","1","1","99","0",
"707",RSMI,"4","0","1","1","0","99","0",
"708",BPHR,"4","0","1","1","0","99","0",
"709",RPMP,"4","0","1","1","0","99","0",
"710",LRCG,"4","0","1","0","0","99","0",
"711",WERT,"4","0","1","1","0","99","0",
"712",LIFM,"4","0","1","1","1","99","1",
"713",LU041-8,"3","0","1","1","0","99","0",
"714",ESCH-SCHH-05386,"2","1","0","0","0","99","0",
"715",SUP6,"4","0","1","1","0","99","0",
"716",LU_0711A,"1","0","1","1","1","2","0",
"717",LU_3060C,"1","0","1","1","0","2","0",
"718",ZITW,"4","0","1","1","0","99","0",
"719",KRGG,"4","0","1","1","0","99","0",
"720",BE457-3,"3","1","1","1","0","99","0",
"721","352639053063110","3","0","1","0","0","1","0",
"722",SBTN,"4","0","1","0","0","99","0",
"723",LU275-1,"3","0","1","1","0","99","0",
"724",LUNA,"4","0","1","1","0","99","0",
"725",LU604-5,"3","1","1","1","1","99","0",
"726",NEBI,"4","0","1","1","1","99","1",
"727","352639054220107","3","0","1","0","0","1","0",
"728",LU_1507A,"1","0","1","1","1","2","0",
"729",LZVH-MEGZ-00891,"2","1","0","0","0","99","0",
"730",LU_0609A,"1","0","1","1","0","2","0",
"731",WIG-ESCH-05081,"2","1","0","0","0","99","0",
"732",LU_7540A,"1","1","0","1","0","3","0",
"733",EBMT,"4","0","1","1","0","99","0",
"734",LZTN,"4","0","1","1","0","99","0",
"735",ALGC,"4","0","1","1","0","99","0",
"736",LZFP,"4","0","0","1","0","99","0",
"737",ROOB,"4","0","1","1","0","99","0",
"738",HHTN,"4","0","1","1","1","99","0",
"739",LU_0509W,"1","0","1","1","0","2","0",
"740",LU_0006E,"1","0","1","1","1","2","0",
"741",LITO,"4","0","1","1","0","99","0",
"742",KNUT,"4","0","1","1","1","99","0",
"743",ALGA,"4","0","1","1","0","99","0",
"744",KRSC,"4","0","1","1","1","99","0",
"745",ENT-DOPP-06733,"2","1","0","0","0","99","0",
"746",LFSA,"4","0","1","1","0","99","0",
"747",LU001-3,"3","1","1","1","1","99","0",
"748",LU_0475A,"1","0","1","1","0","2","0",
"749",LU091-1,"3","0","1","1","1","99","1",
"750",LU638-1,"3","1","1","1","0","99","0",
"751",RPIS,"4","0","1","1","0","99","0",
"752",LU005-2,"3","1","1","1","1","99","0",
"753",LUEE,"4","0","0","1","1","99","0",
"754",RUSW,"4","0","1","1","1","99","0",
"755",SKZH,"4","0","1","1","0","99","0",
"756",LU002-2,"3","1","1","1","0","99","0",
"757",LU_9004C,"1","0","1","1","0","2","0",
"758",SST1,"4","0","1","0","0","99","0",
"759",LUMT,"4","0","1","1","0","99","0",
"760",LU_0650A,"1","0","1","1","0","2","0",
"761",LU263-1,"3","0","0","1","1","99","0",
"762",AGTN,"4","0","1","1","1","99","0",
"763",GREP,"4","0","1","1","1","99","0",
"764",LU_4104C,"1","0","1","1","0","2","0",
"765",LURP,"4","0","1","0","0","99","0",
"766",HHTS,"4","0","1","1","1","99","0",
"767",LZEF-LZ-09454,"2","1","0","0","0","99","0",
"768",ESCH-SCHH-05985,"2","1","0","0","0","99","0",
"769",LUZC,"4","0","1","1","0","99","0",
"770",SUSF,"4","0","1","1","0","99","0",
"771",LUSD,"4","0","1","1","0","99","0",
"772",FLUH,"4","0","1","1","1","99","0",
"773",LU_0698A,"1","0","1","1","1","2","0",
"774","352639053064688","3","0","1","0","0","1","0",
"775",LSMM,"4","0","1","1","0","99","0",
"776",RETO,"4","0","1","0","0","99","0",
"777",LSST,"4","0","1","1","0","99","0",
"778",LU220-1,"3","0","1","0","0","99","0",
"779",LU201-1,"3","1","1","1","0","99","0",
"780",LU_0657A,"1","0","1","1","1","2","0",
"781",LU_3003A,"1","0","1","1","1","2","0",
"782",EBIM,"4","0","1","1","0","99","0",
"783",LU775-1,"3","0","1","1","1","99","1",
"784",LU607-9,"3","1","1","1","1","99","0",
"785",REHM,"4","0","1","0","0","99","0",
"786",LUMB,"4","0","1","0","0","99","0",
"787",GTS-LZVH-00281,"2","1","0","0","0","99","0",
"788",NOSE,"4","0","1","1","0","99","0",
"789",VIP2,"4","0","1","1","0","99","0",
"790",KRSP,"4","0","1","1","0","99","0",
"791",LIHI,"4","0","1","1","0","99","0",
"792",HRHS,"4","0","1","1","0","99","0",
"793","352639053050067","3","0","1","0","0","1","0",
"794",ROIK,"4","0","1","1","0","99","0",
"795",LU619-1,"3","0","1","1","1","99","0",
"796",SURS,"4","0","1","1","0","99","0",
"797",LU_2216A,"1","0","1","1","0","2","0",
"798",LU_0300A,"1","0","1","1","1","2","0",
"799",RIND,"4","0","1","1","1","99","0",
"800",ROOR,"4","0","1","1","0","99","0",
"801",LSPT,"4","0","1","1","0","99","0",
"802","352639054231914","3","0","1","0","0","1","0",
"803",LSPS,"4","0","1","1","0","99","0",
"804",ALHO,"4","0","1","1","1","99","1",
"805",LZWS,"4","0","1","1","0","99","0",
"806",LU279-1,"3","0","1","1","0","99","0",
"807",ROTS-FMUE-06339,"2","1","0","0","0","99","0",
"808",SOZE,"4","0","1","1","1","99","0",
"809",GDWT,"4","0","1","1","1","99","0",
"810",DAJW,"4","0","1","1","0","99","0",
"811",LU260-1,"3","0","1","1","0","99","0",
"812",LU_0022A,"1","0","1","1","0","2","0",
"813",LU500-4,"3","1","1","1","1","99","0",
"814",ZELT,"4","0","1","1","1","99","0",
"815",LU812-1,"3","1","1","1","0","99","0",
"816",LU009-1,"3","1","1","1","1","99","0",
"817",LUEZ,"4","0","1","1","0","99","0",
"818",LU257-1,"3","0","0","1","0","99","0",
"819",SUP3,"4","0","1","1","0","99","0",
"820",LHSL,"4","0","1","1","0","99","0",
"821",PESU,"4","0","1","0","0","99","0",
"822",BURA,"4","0","1","1","1","99","0",
"823",LPVS,"4","0","1","1","0","99","0",
"824",LU312-4,"3","0","1","1","1","99","0",
"825",SZ_9010D,"1","0","1","1","1","2","0",
"826",SEAT,"4","0","1","1","1","99","0",
"827",KROR,"4","0","1","1","1","99","0",
"828",ENFH,"4","0","1","1","0","99","0",
"829",LU_2244A,"1","0","1","1","0","2","0",
"830",LU053-1,"3","0","0","1","0","99","0",
"831",LU615-2,"3","0","1","1","1","99","0",
"832",LKBZ,"4","0","1","0","0","99","0",
"833",ROCN,"4","0","1","1","1","99","0",
"834",LU_0014E,"1","0","1","1","0","2","0",
"835",LU_2265A,"1","0","1","1","0","2","0",
"836",HUEB-WAB-00466,"2","1","0","0","0","99","0",
"837",LUSO,"4","0","1","1","1","99","0",
"838",LLMI,"4","0","1","1","0","99","0",
"839",LILU,"4","0","1","1","1","99","0",
"840",LU_0652A,"1","0","1","1","1","2","0",
"841",PERL,"4","0","1","1","1","99","0",
"842",KRKF,"4","0","1","1","1","99","0",
"843",L93G,"4","0","1","1","0","99","0",
"844",LU264-1,"3","0","0","0","1","99","0",
"845",LU905-1,"3","1","1","1","0","99","0",
"846",LULF,"4","0","1","0","0","99","0",
"847",LU030-1,"3","0","1","1","1","99","0",
"848",LU_7519B,"1","0","1","1","0","4","0",
"849",EMSO,"4","0","1","0","0","99","0",
"850",BHPA,"4","0","1","1","0","99","0",
"851","1203500389","3","0","1","0","0","1","0",
"852",KREI,"4","0","1","1","1","99","0",
"853",LU272-1,"3","0","0","1","1","99","0",
"854",EBNE,"4","0","1","1","1","99","0",
"855",WLHS,"4","0","1","1","1","99","1",
"856",LU303-1,"3","1","1","1","0","99","0",
"857",EGOW,"4","0","1","1","1","99","0",
"858","1211200306","3","0","1","0","0","1","0",
"859",EHLN,"4","0","1","1","0","99","0",
"860","352639053067210","3","0","1","0","0","1","0",
"861",LU_8098A,"1","0","1","1","0","3","0",
"862",LISF,"4","0","1","0","0","99","0",
"863","1203500060","3","0","1","0","0","1","0",
"864",VIP1,"4","0","1","1","0","99","0",
"865",LU_0665D,"1","0","1","1","1","2","0",
"866",LU363-1,"3","0","1","1","1","99","1",
"867",LU_8805B,"1","0","1","1","0","2","0",
"868",LU229-1,"3","1","1","1","0","99","0",
"869",HEIM-LZEF-09383,"2","1","0","0","0","99","0",
"870",MGLZ,"4","0","1","1","0","99","0",
"871",LU015-1,"3","0","0","1","0","99","0",
"872",LU_7585A,"1","1","0","1","0","4","0",
"873",GTS-HEIM-09333,"2","1","0","0","0","99","0",
"874",LU_7501A,"1","0","1","1","0","4","0",
"875",LU278-1,"3","0","1","1","0","99","0",
"876",SPUS,"4","0","1","1","1","99","0",
"877",LU007-1,"3","1","1","1","0","99","0",
"878",HUEB-WAB-00271,"2","1","0","0","0","99","0",
"879",LUKP,"4","0","1","1","0","99","0",
"880",LZFW,"4","0","1","1","1","99","0",
"881",LLIB,"4","0","1","0","0","99","0",
"882",LU_3019A,"1","0","1","1","0","2","0",
"883",LU_0525A,"1","0","1","1","0","2","0",
"884",L01F,"4","0","0","1","0","99","0",
"885",BHTS,"4","0","1","0","0","99","0",
"886",EFPE,"4","0","1","1","0","99","0",
"887",HODO,"4","0","1","1","1","99","0",
"888",EFBZ,"4","0","1","1","0","99","0",
"889",LUSL,"4","0","1","1","1","99","0",
"890",ROAD,"4","0","1","1","0","99","0",
"891",KARW,"4","0","1","1","0","99","0",
"892",LU_0607A,"1","1","0","1","0","2","0",
"893",RURM,"4","0","1","1","1","99","0",
"894",SIDI,"4","0","1","0","0","99","0",
"895",LU103-1,"3","0","1","1","1","99","1",
"896",L10G,"4","0","0","1","0","99","0",
"897",EBIR,"4","0","1","1","1","99","0",
"898",SURM,"4","0","1","1","0","99","0",
"899",LU936-1,"3","0","1","1","0","99","0",
"900",LUHO,"4","0","1","1","1","99","0",
"901",VIZU,"4","0","1","0","0","99","0",
"902",LUHS,"4","0","1","1","0","99","0",
"903",DAJV,"4","0","1","1","0","99","0",
"904",DGLC,"4","0","1","1","0","99","0",
"905",LIHO,"4","0","1","0","0","99","0",
"906",RIDO,"4","0","1","1","1","99","0",
"907",ROTS-FMUE-06352,"2","1","0","0","0","99","0",
"908",GTS-LZVH-00498,"2","1","0","0","0","99","0",
"909",LU660-1,"3","1","1","1","1","99","0",
"910",STED,"4","0","1","1","1","99","1",
"911",SUAI,"4","0","1","0","0","99","0",
"912",NOTT,"4","0","1","1","1","99","0",
"913",REAG,"4","0","1","1","1","99","1",
"914",LUKS,"4","0","1","1","1","99","0",
"915",LUOG,"4","0","1","1","1","99","1",
"916",RBG-RBGD-08555,"2","1","0","0","0","99","0",
"917",LZVH-MEGZ-00662,"2","1","0","0","0","99","0",
"918",ESAA,"4","0","1","1","0","99","0",
"919",NOPA,"4","0","1","1","0","99","0",
"920",LU510-1,"3","1","1","1","1","99","0",
"921",LU_0651A,"1","0","1","1","0","2","0",
"922",SUSI,"4","0","1","1","1","99","0",
"923",LU209-1,"3","0","1","1","0","99","0",
"924",LUME,"4","0","1","1","0","99","0",
"925","352639054188478","3","0","1","0","0","1","0",
"926",LZVH-MEGZ-00708,"2","1","0","0","0","99","0",
"927",LU_8040A,"1","0","1","1","0","3","0",
"928",LHP2,"4","0","1","1","0","99","0",
"929",LU_3616A,"1","0","1","1","0","2","0",
"930",LZHE,"4","0","1","1","1","99","0",
"931",MENK,"4","0","1","0","0","99","0",
"932",VIPH,"4","0","1","1","0","99","0",
"933",LWMI,"4","0","1","1","0","99","0",
"934",LU_7552A,"1","0","1","1","0","4","0",
"935",L06F,"4","0","0","1","0","99","0",
"936",LU_0016A,"1","0","1","1","1","2","0",
"937",LAEM,"4","0","1","0","0","99","0",
"938",LU_0600B,"1","1","0","1","0","2","0",
"939",LU228-1,"3","0","1","0","0","99","0",
"940",ROHA,"4","0","1","1","1","99","0",
"941",LU_0610C,"1","0","1","1","0","2","0",
"942",LSNT,"4","0","1","1","0","99","0",
"943",LUZE,"4","0","1","1","1","99","0",
"944",LU602-3,"3","1","1","1","1","99","0",
"945",SEM-RBG-08449,"2","1","0","0","0","99","0",
"946",LU_0675A,"1","0","1","1","1","2","0",
"947",BPHT,"4","0","1","1","0","99","0",
"948",MEGZ-MEG-01060,"2","1","0","0","0","99","0",
"949",BKPH,"4","0","1","1","0","99","0",
"950",RK-GSK-05269,"2","1","0","0","0","99","0",
"951",LU_1800A,"1","0","1","1","1","2","0",
"952",LMWB,"4","0","1","1","0","99","0",
"953",LUKN,"4","0","1","1","1","99","0",
"954",GRIL,"4","0","1","1","1","99","0",
"955",LU_8500A,"1","0","1","1","0","2","0",
"956",LU_1337A,"1","0","1","1","1","2","0",
"957",SSMI,"4","0","1","0","0","99","0",
"958",WIKN,"4","0","1","1","1","99","1",
"959",L60F,"4","0","0","1","0","99","0",
"960",LU_2210A,"1","0","1","1","0","2","0",
"961",LU_0618D,"1","0","1","1","0","2","0",
"962",BRRO,"4","0","1","1","0","99","0",
"963",LULO,"4","0","1","1","0","99","0",
"964","1211200356","3","0","1","0","0","1","0",
"965",LUKV,"4","0","1","0","0","99","0",
"966",LU_0660D,"1","0","1","1","0","2","0",
"967",LZGS,"4","0","1","0","0","99","0",
"968",GEUS,"4","0","1","1","1","99","0",
